Age,Experience,Education,Skills,Salary
39.96714153011233,24.765852403284335,16,8.337299720321184,165202.1263016033
33.61735698828815,17.466624354113687,16,5.1639824755563914,137207.77114371062
41.47688538100692,23.596146120847273,16,10.156075014106197,195234.7429395513
50.23029856408026,30.93642500866911,18,4.797719424044855,159383.2265962856
32.658466252766644,16.054912879993825,20,4.701690231520405,137473.23480997357
32.6586304305082,15.445601201351696,20,3.7803770926066265,153636.332047279
50.79212815507391,34.582514595129375,12,6.023240357473997,161533.18713267805
42.67434729152909,25.94469089489303,20,5.621044350432857,165488.39070120137
30.305256140650478,14.404361571289147,20,4.476701788321469,151540.87065191998
40.42560043585965,21.355130012738513,16,10.979618208487048,161406.39489509477
30.365823071875376,15.000611203144027,16,8.05976139277329,156514.57366268855
30.34270246429743,12.73790167368223,12,7.824469079713423,131054.313039147
37.41962271566034,23.570144460910868,10,10.178328838495853,162679.95442262077
15.86719755342202,0.0,12,7.512515584085869,108022.8874729506
17.750821674869673,3.222749281200172,12,5.502639596989721,93678.87068252258
29.377124707590273,11.772946274515569,18,3.5995805149646865,136055.63292535362
24.87168879665576,5.568852789426864,18,5.389885215313193,116585.754540639
38.142473325952736,19.174701657844093,12,10.010831201016925,158492.04951076023
25.91975924478789,7.27906462839925,12,4.48932776862768,115382.01295522827
20.876962986647086,3.725294879450919,12,7.706254475995753,125770.87913734528
49.65648768921554,32.70215866528654,20,9.067850286171115,198072.3054020217
32.74223699513465,13.594836987257489,18,7.570689680886503,153674.47512135762
35.67528204687924,17.626572862357275,12,7.797966657581167,136648.0911105842
20.752518137865433,7.03705885508916,16,8.311207825746852,158668.1191116003
29.556172754748175,15.011259094949597,16,7.7585617436452985,154616.58696686386
36.10922589709866,18.981873236446724,20,10.218148344946563,179895.0725559956
23.490064225776973,5.566071182113373,20,4.919416543544779,128854.84681652806
38.75698018345672,20.99704283689324,10,7.480849753677572,143469.38859663502
28.99361310081195,12.220649046272783,10,3.3635191320057047,105626.32916040892
32.083062502067236,12.037477371670425,10,2.8525076256269255,95937.5106950099
28.98293387770603,10.468180802859342,20,6.836657938296033,141176.37830484708
53.522781845089376,32.1856136973342,20,8.086759137889514,193286.48946685102
34.86502775262066,17.663473997831222,20,10.26133555447513,165236.708717566
24.422890710440996,7.717282589846477,16,11.839583466020926,159815.22657954218
43.225449121031886,24.25907619643314,20,9.639721341330961,178699.70867303133
22.791563500289776,7.939537026869841,16,8.454331488796058,125551.2307078728
37.08863595004755,16.63710462404287,10,7.319929711547631,129730.3131401824
15.403298761202244,0.0,10,3.937543873633245,78386.49307126737
21.718139511015693,4.167043148135637,10,6.707926788516403,104370.06499674317
36.96861235869123,21.06280896391554,12,9.580753502516451,150347.33174644923
42.38466579995411,27.752521182869845,12,8.79656371205608,161562.43534371033
36.7136828118997,17.79591428616182,18,4.427331706634103,148649.68215637904
33.843517176117594,18.000878842980185,18,8.22805129451696,167454.18616349713
31.988963044107113,13.911946105105699,18,8.05678562373544,158003.0707906554
20.214780096325725,1.8695254964440862,12,7.699780240229475,108577.62831755038
27.801557916052914,11.568877791026258,12,6.944288889245331,125548.42626160191
30.393612290402125,13.698258047228965,18,8.331167933888386,155356.7446410049
45.57122226218915,24.418437948220653,18,8.394626077824796,168249.58888747552
38.43618289568462,23.38926359513641,20,5.717082469137189,180104.40553741975
17.36959844637266,2.1297811546675627,18,7.910028122764191,141125.58324803307
38.24083969394795,18.989714290928887,20,6.621209718505573,169027.9330843953
31.149177195836835,13.940784262711652,16,4.025532264507514,121750.6139839449
28.230779996940413,11.218840369505891,12,5.876785929923672,123213.05156813166
41.11676288840868,23.638110420056492,18,3.8726206293091496,160423.02336435643
45.30999522495951,26.209384917268668,12,8.96018707014021,150987.73616802695
44.31280119116199,24.969554455285884,12,7.7117787551086385,171443.12030309992
26.607824767773614,8.556716625790724,12,6.28901877758811,97164.65102796404
31.907876241487855,16.253334280006584,16,9.841042686577296,166757.9401899904
38.31263431403564,21.399834623224507,10,7.135981815162333,153012.4013847854
44.75545127122359,26.01422260705138,18,4.137554488066251,155585.58301416368
30.2082576215471,13.75165504284379,10,6.121042919632378,116603.88068561874
33.14341023336183,9.446324992101676,10,10.265708374546584,136897.7997834055
23.936650259939718,8.234181660683925,10,5.661048749821713,123292.42598981515
23.037933759193294,1.5585062016370945,12,7.5504425775156605,104058.54891143882
43.125258223941984,24.40037634113572,20,8.487753249029277,173429.96700875837
48.56240028570823,28.32306049645594,12,8.179896969109885,159307.8512823814
34.27989878419666,13.690535832754849,12,11.898919597916201,137350.5297322285
45.03532897892024,29.35698255367728,10,4.6473934861534625,150928.51152527344
38.61636025047634,19.680957847852557,12,4.847073838934394,124456.45436323849
28.548802453948756,11.241810217410187,10,4.680491105795734,103802.68442314348
38.61395605508414,20.52011489732577,20,6.40816315796623,172177.25689867276
50.38036566465969,33.334447319105934,18,9.198754776364902,192893.5652759379
34.64173960890049,16.795383391020998,10,4.936530840406977,125864.32493796085
50.64643655814006,30.08045210976292,20,9.226721011887877,185913.62424080234
8.802548959102555,0.0,18,7.070253339855474,128938.46098251734
43.21902504375224,24.231511877429615,16,4.782006613578153,153792.10703540468
35.870470682381715,14.757306885062214,10,3.497260086864287,106115.12389624919
32.009926495341325,13.1536961734095,10,3.9448590123813476,107340.62228816371
35.91760776535502,20.919127346623643,16,5.6682931835321515,135312.1076643807
15.124310853991073,0.0,16,6.661697648513359,112388.49568203649
32.80328112162488,14.105976852809158,10,9.692125953460902,135255.8856193568
38.57112571511746,19.872610306480603,16,8.598176424376478,148141.77663046797
49.77894044741516,31.135670344980394,12,5.322117495839396,148171.1739000923
29.817297817263526,15.970793784385208,18,7.817330566744337,153735.78782296693
26.915063971068122,9.678934875531228,18,10.30309253838448,148800.41059350644
29.982429564154636,12.842512858536775,18,10.74783484206007,139303.06087686974
44.15402117702074,28.214588085084422,12,6.3711879768928075,165048.99145072154
38.287511096596845,20.76508941464987,16,8.916576859410004,162692.1643754531
29.702397962329613,11.184313670688207,20,9.779910733775647,138528.6789178892
40.13267433113356,21.7399746329636,16,3.9858561536432258,162758.85943093727
35.9707754934804,17.827572974652274,10,5.975185825680606,137944.99839083946
44.68644990532889,26.61200543230921,18,11.440037468846526,190934.3776981677
27.979469061226474,11.434728148500435,16,6.397927779758192,124434.12028212482
31.723378534022316,13.827270305636915,20,1.1420972705978052,127396.93907186808
31.078918468678424,14.544198623109583,10,6.758076379226555,124902.04729119335
20.364850518678814,2.2034173584616497,12,9.249250998231723,122073.98895608564
37.96120277064576,20.118473151277943,12,7.013020873601792,132905.84793801437
37.610552721798896,15.61415135273468,20,8.430727893601267,174359.66238319202
35.05113456642461,18.88378991582957,10,8.876443995311464,137415.17857646095
32.65412866624853,15.347105618044518,18,6.290125097135435,152952.49420832188
20.84629257949586,4.842312799215164,16,5.961214027171248,109521.30312971633
30.79354677234641,7.0010360159590315,10,7.306881951908544,137017.92164899566
31.572854834732304,17.74960424429376,12,7.355557845859762,145232.23120753892
26.97722730778381,8.698048051473462,20,7.108153639693943,171779.1870671531
33.387142883339905,17.603508516814937,20,7.190313045364928,169434.60202371498
39.040508568145384,18.960696713894322,16,5.502907730758524,137821.28851289442
53.8618590121053,37.08740682223044,20,8.500573820161897,214971.4906811623
36.74577812831839,16.63894700197108,20,8.198463894225933,173275.991657004
37.57550390722764,18.32796598583603,10,4.327983266729084,122029.08975029511
34.25554084233833,20.0836035500719,18,6.221675365828066,161579.5086496047
15.812287847009586,0.0,16,7.186159745078893,121548.07001947123
34.73486124550783,17.169726991867275,10,5.931373995447651,114059.5138533154
35.60230209941027,19.342437560787776,18,8.274743955175587,153410.01085015398
59.63242112485286,42.62378490079807,10,6.866234923085725,171636.57443088043
33.076390352188774,15.377228162475927,10,7.338145058910373,128720.60556320882
38.015473423336125,20.745395428268576,20,6.198581385033854,160251.9860669722
34.65288230294757,21.459713473424117,18,3.0135623531787705,132231.5330535126
23.313219623804677,5.197982029737506,16,2.8993033568751008,110645.62294904699
46.42822814515021,28.83042623858014,16,8.179219093384054,179387.39614544535
42.519330326867745,26.62063911888297,18,7.533824152978788,176599.68891636844
42.910319470430466,27.121371336346435,20,7.877324412702169,181049.47168446437
25.90612545205261,10.280186063173371,12,7.268945684125827,119122.81952332015
49.02794310936099,32.30540355341936,10,7.429134806747029,153343.1695224841
20.981489372077192,0.6954795466162249,20,8.938046747237577,145418.5957547937
40.868570938002705,26.135434002604896,18,7.8892387448028245,168682.13291269203
56.90455625809979,36.61186547206241,10,9.081818700612226,180726.7291141141
25.094636748693116,7.699907679171182,16,7.342923682453194,146734.53773332867
29.33702270397228,9.828471003933565,12,6.399236518960458,114330.5471557759
35.99651365087641,17.868236957690424,16,7.388405724312491,160285.52394413523
29.965243458838007,12.622768279444967,18,5.327644237025407,141570.8479043737
19.493365689338674,2.13608012023922,10,6.240306142176182,98588.3665839699
35.68562974806027,18.52947125653084,18,7.355142617280074,162138.14001850958
24.37696286273895,9.604385400856243,10,7.3286366638020235,114902.88842801329
39.73592430635182,22.642992909379778,20,6.787162239994023,169569.55670666404
25.80575765766197,7.317444387080673,12,4.223630579651587,96271.90219016203
50.499344050175395,34.42751838675211,20,8.272819092841429,200633.70344905226
27.167467076637628,11.546408054486909,20,8.668456813199098,150582.84021713433
31.779384837943244,11.324169207669259,18,10.287380990504477,168141.7942986269
43.135172173696695,26.32997231339641,12,7.883551993177463,141082.7303058957
22.69135683566045,6.0937023202822465,10,7.002923668382966,112012.55589373414
37.27459934604129,18.679472339321308,10,4.9739409807797,125594.5165967639
48.07142754282428,32.82284116944752,16,9.984035738722111,196026.02067426595
18.925167654387725,0.625056480322671,10,7.495665953748047,108973.43221804043
36.84633858532304,19.097491492266123,18,7.386746347650913,156267.47882235734
37.598827942484235,19.252684293916495,20,6.4918876036422954,163519.14505176496
42.8182287177731,24.84938681293604,20,6.364060867130275,154353.65907965892
22.63049289121918,2.437942717428777,20,8.376533468101693,132605.38395401379
21.795433869157236,0.9153321039686473,12,4.957118754682816,101173.62229310362
40.21941565616898,25.40842578261892,10,10.25086371831756,148679.55280146084
37.96984673233186,18.275924035695205,18,9.815052915076745,171224.54631728158
37.504928503458764,17.52214380454615,12,6.291876906265822,125728.50142158344
38.46448209496975,16.157701867762324,16,5.272270868253915,135566.88835907687
28.199752784215093,8.921829288836088,18,2.9695880232891714,110514.82380650206
37.322536971610035,16.67635738479504,18,4.497172255031547,127366.62000181351
37.93072473298681,23.214755053259548,18,8.459822985765749,176588.65818494585
27.85648581973632,11.87611999842159,20,7.630683717801308,151409.69096560226
53.65774511144757,34.28144442109212,18,7.987307130612176,198625.7156921171
39.73832920911788,26.243200819806496,10,3.308840729351677,136974.98436636
23.086965027973513,7.050496001956701,18,6.208368759794672,141395.4231737769
41.5655360863383,22.915873319321054,20,9.734545612564165,185839.34215588958
25.253183297726785,2.254371867979639,18,6.807945189361293,135234.67992879782
42.87084603742452,29.452731182606005,16,4.4554105307520295,149424.7699450626
46.58595579007404,25.806810856546846,16,6.776795338314197,172587.196696946
26.793176816482895,5.50237932256911,20,5.457965163269501,132888.48862476426
44.63376129244322,28.6789021564625,10,7.667358119890794,158025.52143752683
39.12780926936498,26.00731408204353,10,7.0410907577754305,151667.40429459538
43.2206015999449,27.989147236965934,12,8.086593328164582,152803.87233140014
53.967929826539475,37.09574806664419,20,4.564152746469775,175044.791766387
32.54611883997129,15.735627523301865,18,6.102566862669803,163082.37122072274
27.462638356425103,11.169469473985718,20,9.180868682798218,156556.0605799898
26.104855703744768,9.622712883318298,12,4.291439891129037,104872.69100421476
26.841897150345616,9.404279998284368,20,4.993775967920043,122754.34509375604
34.228982905858956,16.43738511376271,20,7.398594619984128,145049.96027247768
38.41151974816644,20.286333492367397,12,7.573459678167582,143556.7765874499
37.766907993300194,18.25897881556684,10,6.02230031451446,123213.57998861872
43.27183249036024,24.71048233662669,18,6.4431342347223,165653.9794142894
35.13001891877907,13.744105290388301,12,8.066451123111284,134692.00560015478
49.53534077157317,31.338661517983667,16,8.699270003519736,209068.28386617295
32.35343166762044,12.376249453318607,10,4.861556669420482,105674.48244635008
62.20169166589619,41.99451303146465,16,7.7286390412559,216431.6223486433
41.25667347765006,23.616461779957017,10,10.024032000011445,173773.32571042073
26.428424435837172,11.212429008526371,18,6.7682158772777345,147802.18025616126
24.291075019388877,8.127708231393504,18,4.840321692422962,122105.76159941069
39.824724152431855,18.6837229451855,20,4.747816182345567,137491.80344077156
32.76537214674149,12.786115873600815,16,6.678525117376273,141744.29610742207
42.14000494092092,26.021547316897347,10,9.071694609735237,167589.68847948033
39.73237624573545,19.76740145865883,18,6.918488300306758,175604.1190616813
34.271710873431275,15.822444573437226,12,7.378463959811856,125037.62940346591
26.53206281931595,9.632167017365054,18,5.007316635652392,125865.6533211394
19.851527753141355,0.0,12,8.966235265953095,101392.530425537
30.53485047932979,12.745601491621711,10,4.70868285766929,102699.83734722064
43.56398794323472,22.895936953398312,18,5.991007031456734,166390.78440643658
37.14093744130204,17.938202153399615,18,8.259829724092588,154382.5052336048
22.54261221288012,5.182176081165193,10,2.921137003360136,76727.32540596096
36.73180925851182,15.545821791448478,18,7.347922299371416,159801.21371697678
38.85317379728837,21.734123273209168,12,4.921852867216438,138584.898782936
26.16142563798867,8.122150040135308,18,7.0330987978182264,138909.9060487135
36.53725105945528,19.642230968289574,16,6.295888784576127,142235.03227746912
35.58208718446,18.029915452589325,20,11.211669650696976,195048.41194081053
23.57029702169377,8.298577881641457,12,6.2137576216001875,113810.84584448175
38.577873603482836,20.82832260877865,16,10.685302745766684,196885.06033393843
40.60784526368234,21.74903418143184,10,8.173904582366749,145979.25296939787
45.830512431752766,28.075107437817334,12,5.397082058540543,125802.1467498658
45.53802052034903,28.624616578421804,20,7.661621850519514,161778.5870616725
21.22330632042909,3.321026461080497,20,6.391180507324377,134837.45487723756
25.621749600848773,7.702932983256537,10,7.484314981482468,125832.38239723348
40.1503526720866,20.746369296473087,10,5.572218025133466,121515.54741937501
40.13785950912209,20.812057674020192,12,10.380355266691915,180535.67940927146
40.150476863060476,19.34526631946109,18,8.850796181593449,183574.50291683045
73.52731490654722,59.026468392921096,10,7.0635631363231814,215476.22010186955
40.70890510693167,20.221178636149098,18,10.458229536139068,182128.04437655484
46.35565640180599,26.969846006214173,16,7.148558488165698,176627.786627142
44.54001763493203,25.103203103793632,20,9.19524992972233,205082.60482940407
41.51391251305798,25.303761266946864,18,7.076601175044849,176811.88807657378
31.847307553596544,13.257408197012488,20,7.787775189621157,157333.00886484224
42.589692204932675,27.085176350280143,18,6.837122438114441,179078.97686699897
27.27174785462428,7.924766606136544,16,7.190602707747874,135176.14956550472
32.63181393259991,15.189802257047516,10,7.341063720775998,136329.02499072495
30.146364521708964,10.47567041518945,16,5.660536335023213,111553.78957469961
35.81874139386323,22.109039649410004,10,6.197862666153824,138365.92712906367
58.146585666735085,37.77138882867606,10,6.566489967027656,172979.63256828775
16.32734807408252,0.0,20,7.459422033604593,126568.63849750125
41.86260190374514,25.130155665609333,16,6.938841960993066,170796.18557835958
18.872841288103483,1.70043948300648,18,9.346065067651415,153342.88050996047
30.280681342105666,11.910106024350249,16,8.694236637959282,146673.5665495413
45.889505969673664,27.629864570206813,20,6.607344887949255,185213.66438723681
35.64280019095463,17.73042313491285,10,9.763567794903878,160341.33284886065
24.222552220706937,5.92854821744996,20,10.746041247150913,157202.94773007304
27.846962907400318,11.774721140990138,12,2.912347410155766,95226.54730917102
41.79597748934676,28.217023492529464,12,8.864580170132559,172914.73632660095
27.696333682828634,8.581350112812967,18,5.614031605337002,107216.19688433017
37.16458589581975,16.424979936661593,20,8.601496042646598,142873.7697069294
35.45571839903814,17.27915430233563,18,9.476475881292863,169270.80848229816
28.48399652394183,15.643415199250466,18,5.246014810978896,118067.20062257674
56.439440893253256,36.83209175731379,12,3.295345801968479,142989.23510018806
41.33919022318011,26.617423834068248,18,8.67086817643173,176788.2029151919
14.74857413342393,0.10397576157681065,12,7.270804964967223,95347.81285053086
36.86454314769428,17.757366664278287,10,3.6631224921947436,112352.28075405912
28.38213535231612,11.52010151068667,20,12.059129010925645,184464.54948368654
43.52433334796224,28.781126594219316,18,8.248838824513104,185191.25542464346
27.074792615672994,8.31653713369802,12,8.340200080250305,115940.87065085297
33.85263558533101,15.445474865126284,16,9.731635505124096,171093.53798371583
40.049872789804574,20.886510961907288,18,5.838352094306996,140676.21002990764
43.657551941701215,23.62803848031548,10,7.260908224177354,145779.45316923872
22.997035929442237,3.698480839310223,10,4.361356172440474,73802.88279070577
31.654987641590516,11.207107108066003,16,5.784103105429631,131857.90880058554
30.25054688839044,12.31871382490889,12,7.771320000938475,126307.7536155842
28.46670767426288,8.926761212145598,18,3.6694306657350957,131023.05486823035
52.65454240281097,35.12211422639246,12,5.727420908643838,172088.22770794644
39.049817109609556,17.938025817202302,10,5.1441320801245585,115725.31871511076
22.391160456649548,5.052920921078462,12,7.28418449124069,104737.36789019796
44.17861947054776,27.84567739376561,10,8.149402523330696,153287.40007386362
56.22156197012633,34.23409068498342,12,8.484305608752914,195645.42401407482
45.32465260551147,28.07276574520661,16,8.997633289556301,195324.38274927554
19.806300340459867,4.261638325406452,20,9.744233693144743,137561.7632628501
30.157659271337486,9.738377233955076,16,8.214490907366812,146551.4623847577
47.669111491866225,33.01425626554163,16,10.77467179778883,180587.55723105476
27.923305343812192,10.761343362544283,20,7.239005042529364,143244.28732716173
39.43819428146229,20.02817056994547,20,6.653357691498904,154047.4860687609
42.74634053429337,24.634802378977955,18,8.21461472672008,185035.47296728072
25.73069528421917,8.847349109262614,18,6.5671776500148225,121623.41127071521
34.404746439382,16.556757222206826,16,10.705129457550099,168932.66408638886
2.5873265993092716,0.0,16,9.261966946270423,124316.93594701175
24.756123586657104,4.914776400498371,10,8.500556288399029,110577.84594569678
32.4743184860684,14.813040134140554,10,7.262838688082701,142656.10321613858
22.522168180351507,1.6947391865415464,18,6.185045657170274,135911.67858227756
51.32411303931635,33.101660916618954,18,8.40265000913552,190772.64369438577
20.698586220393672,0.8907709374640924,10,4.745805096306082,82051.40435045864
30.59955513303016,11.128495247850628,10,10.06872706688204,117531.89264207981
36.30740577286091,20.779592123281784,12,6.644726589229253,140740.22732031773
49.412732890661154,33.59535313184969,12,7.610213466481458,190774.80615356658
20.641378488205607,3.859654730019961,10,5.180797847613422,92335.9453028278
46.63163752154959,26.447011992204434,12,8.445972526238442,168411.47944703887
35.10233061019587,16.469513710806268,20,6.092516774323343,139426.6380540366
25.18491348952049,9.611108889478857,18,8.298457580610197,140366.75638467268
39.62103474263271,21.904468569912517,18,8.514786937954778,175007.52488762542
36.9905969557347,23.62925603569809,10,5.704735772822919,136840.8149159913
28.997831228412053,11.784466907200796,16,4.75294175817201,133580.31594936727
35.69802084990019,18.08211908288025,10,10.063799833089089,140456.5184856193
31.1468640313824,12.528631102977396,12,6.615401931941836,106634.3863774273
36.13517345251248,18.40225526207705,16,7.449697632091277,163273.90098783319
41.62130674521047,23.31636707244938,12,7.970929049293484,143125.8864986571
50.86016816145352,34.2763855148307,20,4.492599740203559,186081.81000569902
22.62184501173151,6.535249645320677,12,7.925332273639775,123205.72932372439
56.330333746562665,36.75835482554677,20,7.198253072309274,182870.44306231997
15.479122004774982,0.0,20,5.712938604591217,129055.94719535633
33.482149049644164,11.809738303437571,12,4.686928030324541,107388.44481320815
40.883172064845766,23.899154718670854,12,8.21177109591454,155407.711136784
37.809918677350325,17.60318546500258,20,9.255424016389759,167901.6653722984
28.773004801794063,6.467223615889097,16,7.357181034785606,143946.2674280353
32.918777496427246,15.695934705489174,20,4.131069316300627,155482.11807432212
30.069990653411672,17.055989688277254,18,4.8853343656505395,124415.3053671
29.106352430557884,11.094210607478097,20,6.135752581351893,165455.45534079755
43.496020970210246,27.17300251911353,16,10.1292394823215,176209.1351246826
38.57015485965047,20.733813576745604,18,6.5064986758022485,179024.48730232083
28.07090404739346,9.873124741011173,10,6.0628621544036,107498.4645326405
43.995998754332504,27.834151720308043,10,3.6530304006477703,130524.28838293559
38.072995208766095,19.49244612038879,16,5.686630419779778,142944.76700889826
43.1286211883896,25.66340581653341,20,4.53412729201834,159989.55164336364
41.29628841923612,23.939684031628147,12,4.9936403381544,164091.5351322605
26.710049890779278,7.37386898349318,16,7.239901360317485,128183.61277536744
29.398189598030307,13.382274297103352,18,6.197671588777645,138729.94221270803
42.472936051232615,24.1230165378418,18,10.39898890534269,185011.08517732652
41.10370265433465,21.592212335348957,10,9.156006745414953,139291.10642852564
34.79098406035852,17.864003747499325,18,5.782232124379322,164610.3734597978
36.17327383308782,16.376337869505743,16,5.16636431651897,121873.68896467504
47.77664895788425,29.833011272622503,18,9.765283871328386,186352.3558311729
29.084286111641703,11.066048118353295,16,10.320084978966966,161099.12423000936
40.470973811700375,24.64276494336353,12,2.6115035129089357,128766.56875894606
32.97807347566106,15.927469941420968,10,7.185715247943403,133275.6679475594
32.8231879677278,14.773134050237509,18,6.4962433842065455,161359.12618836205
45.9877685198719,29.623301118272472,16,8.298240280119874,188775.81912046912
43.2541634898803,28.034578587914925,20,10.885336248323007,201870.60186885635
43.135096360006386,26.250716972710112,10,6.031885961344403,163554.2902506602
48.05478807154329,30.075493311230055,12,2.878602970672172,134260.63998785862
35.21003841632759,14.586365951627272,16,8.158015400298527,146959.71249482167
41.81952971294964,21.689302386798893,12,9.779928137208405,157973.84214461216
31.89733243406544,13.286883025356104,12,6.392480436960451,123511.95057534466
38.24166352488442,19.022639120565856,18,5.5899250397206774,139302.79687012348
33.698569456323156,15.324626850352264,18,6.125481189244601,129440.16139532258
35.96995964992718,18.083259499721397,16,8.70041073426247,161840.5884145471
40.95157025436914,24.0109557630826,20,6.0910781174300395,162142.56425780884
26.817793167665275,8.676795611547092,16,7.65752060068569,152719.28211633544
55.92387275685461,38.89687604450701,20,7.05560583147988,202346.35801406103
24.93982618500298,7.068775014623219,12,6.849240775154468,111868.86133010386
22.85811387212268,0.9071807394149367,10,8.402584653504466,114770.68261037875
46.581108735000676,26.702437947363165,16,6.042840200271611,165641.0032705616
42.91662693962936,24.62845182818613,16,6.138826879635442,156195.863776679
41.24119817052155,20.821808684839333,20,8.595205699999507,168212.32839203178
41.2834550926428,24.483312552635205,12,5.026149351662695,176674.38990357463
34.87753227153085,19.939033936218248,12,5.2395596183553454,135693.7235868306
26.027456285141685,10.464979988536319,20,4.479371417312813,144171.11283748067
35.75804558193726,17.331159840076843,12,8.698021826553106,133922.97361058427
28.228382884878883,13.209835158578787,18,6.789526063837465,138587.44677210817
44.75119733417751,27.048532248581736,10,4.372769707841867,157084.3719192757
33.52942618497861,14.855254242742532,16,8.707617124618137,165217.9035021321
26.745028032074885,7.518222704993005,10,5.888915676849129,109057.24483156449
31.786141583470066,13.18120221049381,16,5.25664384232623,126829.91471464853
39.12931454275624,20.352960905673783,18,6.608642882246096,155408.7785030123
29.36275447196025,11.703586916711227,12,9.957447218935783,132433.3025755401
26.777796044335687,9.098944006435417,20,6.21007560700686,127679.77274651869
37.436872114919126,19.442964155225955,18,8.15067772823117,172877.7587942179
37.44966571108723,20.323542050579928,10,8.454160040901908,148306.19653358997
29.9305682462887,14.311860795861383,20,7.886546596012812,165417.24273520955
30.28961694381677,14.188725214699419,12,9.542143299348524,138719.18704651884
37.32049937357636,16.350703436676554,18,5.585767990735442,147186.63657836197
20.519156585026757,0.0,20,4.913330313899328,110246.21391975529
20.925362256234447,4.794002078712994,18,4.874066687950011,110685.25696947298
27.81555778747564,7.081800390644798,18,6.711063169400413,148389.54098971342
32.86552848288153,14.415997679096163,12,5.105906684318942,121576.60174819447
38.10907565598005,17.76884960386133,16,7.295081823730657,155087.65170924136
49.753562169495524,28.149601294335483,20,7.153976839449786,190426.62692449492
43.576596232020194,26.65952168842977,12,9.037146606372081,165845.1852710502
33.40061470036573,16.918925020971024,18,7.582288616472081,158155.620564554
34.80983792097311,15.65681711951967,12,6.167696288277104,117285.86391088778
24.97470635362191,1.7926217693320918,16,7.821698408865366,111732.58529862516
34.8148686400761,15.722379743571134,20,4.939611960204118,136664.6717368784
32.11341361079862,14.89702162160371,16,6.923718623951365,148467.2205311696
38.227185603380896,17.26936246583264,10,7.638802467191161,133441.64379584175
26.72769056447677,9.09441040403508,20,7.258635196300253,135521.68115191555
40.193465142411725,22.162845444065734,16,7.830130189871968,167277.3302538434
50.32738913002578,33.48597212922795,18,5.711907968574417,184966.04871086904
33.91239851543143,16.151559252259734,20,9.304062805619033,161873.77261962098
39.01711722098941,19.0709793392263,20,10.644337898791413,181085.37272611694
41.90143991711113,26.29458292044011,12,3.7946477102828116,143033.82114289905
30.987795281141636,12.670736135087697,18,4.5688040080915036,123601.93876943868
37.24092481810417,19.186315739084304,10,7.086166016048771,139465.72920737197
35.12592400781795,15.259388089671559,16,6.486898038894252,143963.50241545
35.97676098548832,17.0901964831053,12,10.792824811545565,144152.51996892816
27.269902161445337,7.500296733391536,16,7.439568646848922,132396.4040510087
35.245101742589426,16.899209622742582,10,9.785090507451915,146380.3576493038
39.979982912454496,25.403399872739183,10,2.9017522270928,119055.54961955437
49.51143607795042,28.767633792087707,20,8.628338966664703,185204.12591883683
44.59270826085207,23.36558546509859,10,5.568966361483358,124491.80342830208
56.531824575115564,41.474165230102784,16,5.536914860760685,184142.91507277006
27.326524371119504,8.907877016815771,18,6.503283947175752,134211.35366513883
43.723206367206785,24.38506088988695,18,4.1508327205378155,148079.0637955198
36.83342005738352,20.913229432175672,20,7.885571050643705,156405.43513513097
56.89802933217672,37.68679825270299,16,7.38142993343359,183394.86592620765
26.917017146448487,12.569036573542359,16,7.532384496374541,136627.07456083738
26.60278157819224,9.958633320870778,10,8.774062044265811,131955.96395939312
29.00607354555978,10.030250729268374,16,10.029564092388307,154155.9710682476
13.76104275690193,0.07565918343293632,12,6.2725779018249055,105876.41866474041
29.74244978319239,10.531019937185714,10,7.954701279472947,113445.35730174648
27.40867338446302,10.892864128481635,12,7.585976416669959,127131.11813110649
36.50393786476208,19.102523025575064,20,7.755229012657879,142750.72612442417
38.41755975777159,23.021042336569188,18,7.785195328931967,173257.26529960812
53.761708392158866,38.88473078561257,20,10.181006689129678,224783.4717558815
44.5042383818605,26.568246679992036,18,6.080646263021412,164023.4729964819
29.23096344337597,9.724127702683603,20,3.9485281935926357,132145.1944905482
26.01585328651642,8.935797572394653,16,5.604252462768225,108743.6147049299
39.919191715065054,20.563760975560843,12,8.51453386707081,141689.5213824775
21.797667929793576,7.824442424846822,18,7.046659017294354,142536.67232048814
53.31458765854354,35.58765832070901,10,6.064801319010008,166611.85602186382
46.79440120721287,28.063758104588654,12,4.847005463180716,142243.9984146332
30.308243478952953,12.67760409068277,10,7.442572243461065,130681.69257271796
17.868654709091224,0.0,12,8.289012550547618,108828.0439207372
48.538723741654124,28.59549566463282,12,7.611744110192056,156207.50224100432
33.85460154747382,18.25542936336267,20,6.493339337690108,157149.28230914293
47.378163119734616,28.064374561791823,18,7.2932825685949245,172040.9850534429
19.05572341205633,0.0,18,7.28168593311483,108570.67015738887
29.006249770462272,12.079555275516844,12,7.379393862435324,139622.93792223133
35.05243699718183,19.423845306507822,16,4.631390097961759,134324.39676989854
35.46980593764742,18.907712558977554,16,7.394652701229756,144465.08148113478
30.499345285207564,14.491440656819197,10,6.118807063067611,104283.43342384287
41.228499323474985,21.714909146336062,10,9.081237212019518,122476.32567687846
24.323795706174057,3.480174372690369,20,7.265837283500548,140304.50384407333
33.576205149787064,18.57887245369804,12,8.670958443645784,154448.62399598712
36.20295631711899,17.557596639434717,10,6.396437225900495,139027.765254319
40.14438834058749,21.642722307677396,10,6.468572324777083,134137.9130775384
42.1161487808889,26.772537064587016,12,9.988502492512664,166267.6613188014
23.753579081621307,6.866039100422627,20,7.8726703768310164,138018.19895196892
19.658858292643778,2.5706338368069934,10,5.570970935188523,88830.54605117456
47.77676821898509,34.106772908787256,20,8.793948877240949,213381.19371118114
38.323140119795916,19.03610365903563,18,5.933390533144259,151474.00749650298
27.515134634434464,11.370814890596938,20,7.451396275623046,153779.31911932313
50.51151975522523,32.6255460050194,16,10.67334926171881,192197.7699990288
36.156746342928585,18.6939309006551,16,4.137435224723891,149283.51698713674
46.792971840638266,31.84990869346333,20,6.648436156466927,167894.60937491394
35.67518481410109,18.690856326680333,16,7.816543281804061,142259.1873152005
55.60747924881987,38.68407140691914,18,8.529396669329348,207812.23140283057
52.55340842443204,36.698423099051645,12,4.517532185278254,179490.61463680392
32.51035851520926,13.780453056123491,16,3.928419462849964,122952.0014289091
44.71570950954356,25.037290174865547,16,9.181498703980852,165558.3658123619
41.45375949585147,21.364141107809406,20,5.559170286392325,170530.7606991639
48.68631557532349,26.753602396571488,18,5.4754349840053695,168121.36413331883
25.350765394198955,11.4631796540796,12,10.100499345544334,152330.9941558233
41.86051459998439,21.654097868541026,20,7.139404629463645,156101.70803695684
45.58424486849588,27.141737621324335,20,7.152476455363148,192162.5423795737
17.412605135768857,0.0,18,6.640401109696935,101717.43098080196
23.16741487334225,5.78222826896045,12,4.55203586651366,97442.91440894052
14.607678222398995,0.0,18,8.351393898788777,129884.79702218313
32.305931655554424,16.026878632273913,12,7.818901043851247,139008.396265795
42.17542255795962,23.009267680821743,18,7.337382650678865,177311.37197486148
50.02357052096028,31.689327093387455,20,6.7673539214474845,168948.8236239201
35.74094780419775,18.30610770517435,20,6.415360701323426,160099.0937139562
51.286155455712915,32.78877320334582,10,8.82496677909483,181698.80063000525
21.198985417851084,6.413676569891069,16,6.71741387358781,125007.36477844213
17.966175606448452,0.9481255097249548,18,6.871877922932222,108832.24383644399
34.44452301103381,17.914278583133445,10,8.059786309767548,146202.56266337118
38.840654489393074,22.1664170267279,16,7.415921861360772,152929.34065882268
34.67305251905907,19.02000023402972,18,10.284552115080878,165219.53092283505
14.325578999601234,0.0,12,3.477266445053391,73884.97469643189
34.10879960487212,13.515135708960425,16,7.599814876734526,141042.49467210387
21.95530499495147,4.754680898456752,20,5.588788439055662,129283.90619592053
41.69672548830039,22.394011700716728,10,5.115826930490141,117676.15750685337
38.66598246096848,19.608749097468966,16,6.085871587911305,137010.397367195
25.60120213672645,8.773930174236636,16,7.109358816963523,124149.8256746687
29.861330826633065,14.337896969500337,20,7.19813815184682,145116.59821936837
24.407864781110483,6.450407934582606,18,3.965387568643014,117095.33597787458
34.37320902726828,16.990875052466208,12,5.917832340644361,133183.12777216302
44.551423205012384,29.95585309428286,20,7.562443102952918,189962.65980599623
25.142739536644562,7.624245895621699,12,5.246139098432691,109732.50617088488
40.040465155178445,27.243831383539234,18,4.77043219056697,179049.74087279942
29.69742381627559,12.82844310753868,16,2.487735385014111,120332.39913641947
27.071271677376558,5.549746159064922,12,5.6736131032492825,113307.20031326872
33.929696400454425,17.43637964266349,10,4.700741602098372,114230.30979804911
24.647576775806257,7.409893545571813,10,5.0321342337798844,109420.51968665796
29.463506946528177,14.043012454693669,20,6.456359393440693,145744.2966386576
23.021221074111516,6.367583776651433,18,5.800342246914204,129851.36206375978
54.64725132916389,36.37033936119634,20,4.667524212281387,172364.6311019758
35.35263551971729,14.904039047138557,20,2.768316869533546,135312.00376182605
28.002744920074143,9.584698405502092,20,7.604622610295285,137438.70751078724
37.13979910734222,17.43875819892362,10,8.505654427616946,146766.14508077104
33.8767195030917,14.715672603482254,10,6.206510042011253,129222.66003700861
32.79030400466777,15.967460813508987,20,6.468448607091446,149610.89078688427
41.14166700043425,26.481476009137065,10,7.005621031372247,168486.80646138077
42.57507710047305,25.364420160119014,18,10.157567153224504,182657.89312442578
29.694988523894725,9.303222399824357,20,3.864584412348458,111809.17785466573
29.2418175935532,12.131022929993481,10,6.171020548254861,107325.96889763446
32.24948302848356,16.642746001774864,12,3.556054071734561,106624.35213864403
11.98078835264415,0.0,20,7.724636917471118,132419.20560521813
19.84808937801448,1.5800550446686428,20,6.712083212423978,114366.89588473263
48.66874267444525,30.698119063903643,18,7.405984225872155,177034.0190991056
51.449677135012834,31.879880508848355,16,7.306245125182153,181436.50834897516
32.50963960443622,15.806200472123935,16,8.981416507407031,155905.94242840106
40.765569630557664,22.5236733333421,18,8.076265929136932,169302.23818895107
38.112501545435364,20.95156643324942,18,8.661015915320174,170468.2176335404
65.78880808455239,46.01382372894818,18,4.868930620206112,196667.2995838504
46.195749114345766,27.320832513698946,16,9.386341729950288,163535.85312048602
33.72082408519233,17.165586800847876,18,5.555274521022001,142139.1639993593
25.444595593995743,6.698929289812209,10,5.670260914752038,106436.66099653747
18.935536797424277,4.389464499891087,20,7.5416851547059895,135118.00488721806
37.03463635867223,18.235363987443026,20,7.6038365260985525,168404.79433668382
27.436492547156966,9.885861998660738,12,4.856286395535043,104185.32567990183
20.77746290402326,4.642644567769439,12,6.653441416452206,118495.85701657922
28.534271157574736,7.6975396917086725,20,9.976470633738952,129714.25387739879
24.18451996385605,2.662902339894499,10,4.06332687693181,87056.8441936816
51.871416350725646,30.820103721585458,16,9.970438482025452,202981.20332451095
43.816397569494505,28.34156577634887,16,6.51660309716702,182243.13219894745
34.92027358683383,15.816557295048936,10,2.3244903331296936,100937.30456332158
49.79944138890026,36.91583996023677,16,4.266536533034188,159902.38102921564
35.77368307647618,16.645187879161405,18,5.073044924529613,156320.32880440445
26.387157986717362,8.756260593111437,20,5.7521413984345156,135754.57651033986
50.23124077269657,35.31546067783233,20,6.790573482749324,192994.0933767125
40.38910043684659,26.401286213164838,10,1.593039740476856,111839.22471993664
24.627538456735437,10.750545610008231,16,7.373608784955307,123870.26033621041
33.09661321916392,17.513345680350206,12,4.8898189833502315,131114.4179666951
26.24381746615243,10.291942517775354,12,9.781045143202117,142187.8252991479
21.17200269035664,4.357056588759004,16,6.459646558512051,121027.78598807249
44.26177547531641,27.818497627649688,12,8.88569234346546,158424.99915668825
54.094166404701305,34.99179497204424,10,9.220697959828586,165437.0914921399
21.01432426180859,1.377926494963975,10,9.166546486932432,94266.09887239119
40.62969236690571,22.622943452083803,16,5.867186514075029,146976.36771376303
28.49357430878173,10.153205063731875,12,5.841599684557353,105455.87290276088
30.12874616235304,11.22229006369849,10,6.55005340142337,98101.75018160336
29.07606075761131,12.468835652524739,10,8.272474750757851,132813.49518236922
26.36009230320184,10.270702720342861,18,5.978609460491675,121243.81412829443
35.48521627944827,17.662030052031962,18,6.761475052819504,162970.66218246878
26.69049883588962,11.645558998000144,10,7.5471876326789,124967.77326052943
37.704568257798385,17.421190029531374,16,5.190216147904267,141736.8726747681
34.49761890550863,16.110299986949194,20,5.063783423341764,164192.60755120812
32.6105195313359,13.176874890130293,20,6.683472237192019,136913.08462557543
25.924363379584022,4.191290145437902,10,6.948357629903283,111862.08840088018
29.232286694316674,11.066925322631276,10,7.867770960003286,118496.27971506468
42.55391225825756,24.310417241490995,10,8.343773149903111,176050.40179879297
40.009171876243805,25.036071362728066,16,4.801874358856702,148273.57020834755
25.22444755201449,8.486070921124044,18,5.375830136112871,122428.20916155627
35.99332305429226,15.944949405633851,10,5.058495424873796,121437.73368420935
42.51387123371789,28.22205636638627,10,9.824894803182843,163479.50142660036
18.305947188786284,2.74801457983699,12,6.759458819594929,97708.69363464994
40.43360192379935,23.597797330736583,16,7.032258590490042,150654.119774565
28.373762410541534,9.920794212841871,10,7.115548728027026,130001.3769496929
40.70598668593159,20.787108212484632,12,5.5686599725647214,123782.89996879293
27.36740843457483,8.622994882432724,20,10.128539037892061,160119.56055813076
16.95117899335481,1.1286762327631807,10,7.822053309637456,111929.46040997459
18.724575621168373,4.493748233037591,10,7.079181059555898,115428.35161828101
35.48084946661382,20.567336523158197,12,4.7894871576988685,125065.58481299633
37.59722501721482,18.61952617364227,16,4.67613501668751,136557.87942446448
25.956833748955916,5.717598882377893,10,6.382184936788463,99344.18743855436
41.38592458777374,23.667697081596145,20,5.60001641285634,149985.2886008153
18.3847993773104,0.0,10,4.865111308906896,89700.73037473563
34.33920201352684,16.9855374418964,20,6.258083960856889,155646.53114442533
22.889838002375434,4.594632829778097,18,6.5671439434482215,140430.8361828161
28.48163892197841,9.549565918241925,18,7.2835708409205395,131284.93506807231
35.47398671316414,14.284580578630546,20,5.992161057251474,159416.93202969542
26.395866347160478,9.423066560299912,16,4.984798610679938,133362.46767684157
31.154444557701748,12.089042878377924,10,5.054158228017506,109919.59376492225
45.0629280921444,24.72309442072383,10,9.425945458452375,134867.30042537284
29.231081304768512,5.486556878205214,18,4.496484627276516,112329.86031835011
43.35692112065142,25.301891310550147,20,7.72636459658254,197094.31684705417
23.70293145342382,9.247434646763306,10,8.039092659548793,121660.89030618967
40.298041779152825,25.620560208248566,10,6.757449048328662,151962.36271685932
49.415686206579004,30.50149369340646,16,10.535658116810357,190789.61215451502
10.283554998727105,0.0,12,8.003437986055399,103782.76083164572
27.031047445295233,9.968595957445281,18,10.685806096609301,138692.776710942
40.7707212718054,20.773950393428816,18,5.697871996170255,161984.65293826198
32.96954613957007,15.573129939209002,12,5.732109180213163,136603.61782670757
38.71145873371309,22.243619290482467,10,8.05507431736003,135253.98731309822
28.960148132841795,13.41401458061041,16,6.477068725361594,135424.82157294572
35.865897874729,17.665589721769095,16,10.371330849784036,162050.42091891545
33.44322764607921,15.035880145725276,18,7.683400767261874,156690.2970676228
46.67782061659807,26.921855443084947,16,4.910851560286568,150954.3328725118
37.54420843301213,17.89044772493241,12,3.5263671829119487,128726.1405962546
38.37602662075202,19.923068836948968,10,6.843522815313471,134776.99491171018
30.881230338775325,13.61596135240768,12,6.8217537409335325,101846.46085363605
30.123937759275066,13.951107011741565,20,7.627531846616775,160467.07600849343
30.67441812180379,11.0680602204431,18,9.421381147511806,163206.53605435308
38.944521423782966,23.92989856170201,16,9.158226607987855,160130.3135606939
30.79015519179737,12.247907989712234,20,5.8421979353271345,147794.07500580588
37.89774856896413,19.85501398026726,16,4.412361196391157,158071.4306400324
55.75400798645439,36.25958462815874,10,4.531757729981859,156298.62165800916
43.711247034316926,20.862766513771042,10,5.526396589357243,140773.8046176232
31.73976467832159,15.507855471043687,10,6.266536903921962,117926.84575933199
47.012139221639444,30.48582701582431,16,7.610124277930334,176842.63253672872
30.919246269784487,12.356591155548061,20,5.3980648062080405,139657.29346287288
14.618754648221461,0.0,10,7.560783942226629,93932.71544765758
24.91913689082596,7.95101532623416,20,7.724080291718104,143045.2116602281
16.292080789741444,0.0,16,7.286687765191779,98126.62101671573
31.484865159586914,12.426759804894324,20,4.74275400597461,135258.48829582875
35.184183791895514,18.77271315113917,16,7.935653450471916,168601.75810890575
51.76437312275283,31.25579427641433,16,11.162539257533446,186687.38427197756
38.269273737641626,20.856389601974886,18,7.491793653825809,152510.4147583457
32.80899471191136,12.095831102664551,16,1.0938497986974607,108273.03491276396
43.294055811834895,26.226915776701947,16,9.481759144093806,178974.4587074454
12.88864690992115,0.0,12,5.594504446601227,97747.169423546
37.356145581085656,16.125881949274635,10,11.531425380991385,148771.5050716598
42.708651938869664,27.03813064778401,18,7.232726902731921,174958.53745381098
20.214137542201584,0.7449543886054857,18,3.630598612028349,100134.05410106273
46.43754043206929,26.81703555804053,18,2.870605020082495,139229.1346634939
38.38496407494414,20.78610246940603,12,10.079481525351756,157255.69388246434
30.847120860991986,15.144395559849416,16,9.211809971834544,161593.8109432962
41.32781866106285,21.296175023106056,10,11.45203777153338,165003.08516740234
57.70692857804396,39.8302882777399,20,7.021848971147111,187327.40014182247
36.81866255058495,19.6762955512461,16,6.886940233240639,154306.54590178622
37.48220586300336,20.868417077529646,12,6.234562415682885,129981.950974902
30.40639100459756,12.75927411515201,16,5.683419517481559,145857.28586992563
26.501556305352082,7.767500627185438,16,6.215140891084369,127873.40353907652
43.303358165442454,23.648177724145015,12,7.434926664648059,159433.8283728364
26.439161740911327,8.611449507004076,18,5.312198426175796,127995.57258903571
35.715662372193925,15.571384348222711,18,3.661421306252033,132789.32523873082
30.223425532348834,6.380724565359619,10,7.3197532680283555,124318.66464739347
39.78979825746392,22.662917865779256,10,5.267608802613136,141391.62371087435
38.33662105286948,22.144490735041874,18,0.521124550119862,132073.19074315854
45.375399442578995,22.64953457149532,20,8.105134781314021,173828.07878818674
29.89983601145253,9.880374602032653,16,4.783881923765943,104608.41156758631
32.30125064706629,15.539559169076686,20,8.32357890938147,165942.68823380212
25.212362842176926,11.327353781600323,16,8.275696213031964,140772.1489351633
30.557067399238882,12.598654814589699,18,7.567180023045665,152572.77021523047
38.77300493044852,19.316999047990254,10,11.993635680712991,167180.36491489332
42.56988616645352,24.20409328424384,10,6.723896300055245,154356.87901923637
25.778346758223748,10.528099596520118,20,6.428720865002823,146569.7326269984
43.6960592010566,24.40413084280753,10,8.367344842833834,140181.38124850218
48.55637858804951,28.957994574749005,18,6.8891052757724145,154868.38001917873
39.13434903223701,20.168861987872948,20,9.320987074788018,168695.66074611808
53.76795812558066,33.86130090906324,16,4.4623881848489555,181369.42773742194
27.26210800896427,9.50744864095386,10,4.49565110507132,119728.06750025874
22.55345296688583,7.802809883824949,12,8.531618982652436,121884.70716322032
17.212797510957213,0.0,10,4.670378121322793,68742.29806379045
49.96044311489183,31.455736110639254,16,8.218197212885428,175518.32253567726
41.54365656354058,22.96003402570949,20,7.740005692420731,185998.15474050134
34.44415329089545,13.317771673502136,16,5.611023427944674,126780.5287514566
37.799686263198204,21.56590581749252,12,7.734340320466868,153694.7527139945
23.745109527016233,5.589435132990628,18,4.530815108431521,119518.52882111921
59.45751979616826,41.09655996898701,10,5.000200147472599,174294.15326570757
36.292211819752275,24.678426955441996,20,6.5256245231758685,190165.08651623374
36.09394794604893,18.691453762780302,18,7.157855638144442,163070.0004716262
42.25766623898692,22.754084138796554,16,6.392722926024285,156940.94567409382
39.810092317367136,20.95737712495605,20,7.866231927746222,190529.6495467324
37.23884024279131,21.535731661184823,18,7.776932830096582,169451.6484891032
27.095255445546883,9.321796266622412,20,10.058733616696289,151007.78564341026
39.714683571359956,18.838127614725224,12,6.809429305709991,144598.05465569525
53.82024496475034,37.65870283390075,12,9.389126862368258,192737.5954009725
48.454200461549775,29.117912290471786,10,8.841451025787787,159364.0562871765
50.93186626639397,36.67846181882906,10,11.587954566586296,186120.83594592687
29.88784323568815,14.047939367117445,12,6.745483960195451,124840.70366206307
25.10395179741419,6.209308006096688,20,6.1592825570940235,127896.13522264591
33.74213079900352,18.304163522473743,12,9.515388444487467,147527.67108025588
35.557249122886944,17.69296014394175,10,7.770865143482524,125812.27998287752
45.94191518470949,29.647462534953924,12,9.5633184335678,176973.064119345
18.075353702851807,1.0448193374407562,12,8.433597595979,113369.6397943647
50.29550319460614,30.602789884624393,20,2.7864758172010085,168589.97662754852
33.419921014210104,14.13282134957518,18,7.752643554062366,150405.16707509564
30.7311893005258,14.79111093568812,10,7.622431795902979,125917.74829064052
24.878956247398325,6.209405583185243,20,7.266213804927926,153169.93816754528
18.451433281342307,0.0,12,6.735513891753234,100351.6283271442
43.231705839619146,23.32146068092044,12,3.8157129444113442,144359.15454445238
35.73317967188404,18.58037780307096,18,8.748353834476646,154938.364946862
22.10039100258946,8.225440841075752,10,7.747536856186989,121080.34430510024
22.04921227936384,1.9141464508552937,10,9.20391339479485,102500.82950908468
31.642153007098717,13.690591920444232,16,3.922488951449494,119432.10931520259
51.69021525289393,36.51465636372479,10,8.014268979090536,168981.59922362672
32.40408648636395,14.24480370387252,18,6.530681324906874,140397.0243462416
19.96857046881894,2.873314061318407,16,7.287576019851059,115488.46165707361
32.54256935914056,12.417782302846799,16,6.553680731638218,147776.71916279034
32.27276430252329,15.129378496938589,12,8.08721585496026,137148.9479998549
8.031133570584284,0.0,12,6.674253758016841,101621.8226821803
34.45705133482188,18.428511326181603,10,4.896170149888622,116766.27376629182
32.69065469791322,17.06542680104272,16,7.1728508375723825,156564.50082712845
41.96206364813418,29.141190932171412,12,6.571650925728999,160691.199275377
53.48956094945345,36.6488272958806,18,6.833212757742233,188374.43193697496
46.26565029547757,28.917242928641905,12,0.6243770479197135,111113.53217061596
32.31111309445169,14.699881697606363,12,8.36527216713741,139389.0888149185
23.934740912583298,5.228408326961921,16,6.370672765306439,126066.97570581062
60.733598032498605,43.41056571942199,16,4.3036928519634685,176551.11731542787
35.59218434014488,17.001381519866825,20,8.845127033696285,165274.45202122346
35.13929291912946,17.476214871668688,18,8.27273145550586,165687.69203547624
34.758749128899964,19.393944200115882,16,6.345359607450288,132805.40586626553
36.98084760767855,16.967762477119265,10,4.6956612409599625,110925.30932493944
33.556395880760576,17.836153003018666,18,7.356061469358744,160221.70276909505
29.263379931197637,13.897610065877368,18,7.246212169175219,159076.4653661469
29.531410587596078,11.295273533613921,16,8.848668565983564,166691.68801985736
34.672467297840015,12.428757499822826,18,6.112528970279019,159006.70753471166
29.565752288662352,10.350108314473488,16,9.389844269729991,147087.13280075704
27.871542173228356,12.465531266350574,12,5.919493993328466,115686.26368452395
36.064302276918966,18.018566152321203,20,4.308336430915157,156810.03713692704
32.450227825791444,12.451623361201623,12,4.735434489045438,109144.48993039386
50.039929885826886,31.030380043370453,16,6.875176921728769,166815.6918459282
8.490301916069882,0.0,16,6.868970981882535,109292.19438576167
45.91506851922462,29.008535655627377,12,7.655722281501552,157988.94971699145
47.46085192497629,28.9829877266369,10,6.819251937763117,156188.54137274815
14.266097675918505,0.0,10,8.954637032128659,98749.16893929969
31.573124059196513,12.789607761108869,10,6.4778118030748475,118819.49511057012
31.285591340042085,11.44077097104508,16,3.007447470257168,131868.3138074292
20.924883052821787,6.155634431760671,18,6.757806623068412,131321.70911960388
27.221833124091248,8.577192185668569,16,2.9864426244670375,125254.0203748901
23.894241545341714,8.328558586992706,18,7.542781961995395,150391.5929946219
52.52270443423623,37.565336538081134,12,9.114385997969832,192623.00543301774
44.35678393147461,28.35340572777053,20,5.027551027434962,168303.03869333066
47.71555094994159,28.852310324505492,18,9.837113372783701,201295.26728642054
42.21672064043235,25.024180821105567,10,8.685662489456861,150976.9249031147
23.709482287827708,5.661091075045875,16,9.412960310830108,136366.88715397267
29.754797337202262,9.947393615742007,12,7.379127712869262,126092.41253748626
39.89374561227918,22.54246417572239,10,5.014469648496359,130103.60186999175
22.778721911080545,2.42064232876094,12,8.561630855628275,106446.76175155787
42.12998430172388,26.50534307864701,20,5.75079818646332,156493.68793978193
32.59674601841865,13.667511423821864,16,7.235769012206711,151105.19721193207
31.251791924504026,13.654111236249705,16,6.6572980143927625,144298.13381252682
42.10959968203491,24.676175425127195,20,9.249391713593791,168393.19949325992
39.4426331148604,20.924823167452246,16,8.460654011846659,154685.0428987692
31.3903383418092,14.563725944759751,18,6.838868403375258,149112.44819912963
46.59329803364248,27.643490720397434,12,3.0967856129196942,141196.633040999
24.189366724001026,7.931961318915514,10,5.729545066941598,89327.1113828681
41.15935606944264,20.46739670894914,20,8.408444578968833,172084.62964731822
40.93101257968384,23.183771738776663,18,7.560220522093169,173565.1920405588
31.904535606860097,17.78239360497667,10,3.993556131174277,112017.4498468319
38.26133022242118,18.26066757321003,10,3.3868240550622217,116013.75190607511
22.48886423614697,3.133374295097267,20,7.391018300314913,128346.32127132433
44.24027019206901,27.268085891386843,18,4.885885664568448,172057.56362261114
33.15097863557011,15.510142199449309,10,5.078407078324846,108419.46265186013
29.772769794809605,12.474029993356723,10,8.345215457565308,115253.35488359618
45.49009225836889,28.468466518664215,18,9.404477560831348,188248.58948210068
27.95656309457241,11.226006031695949,16,5.498595945927403,113609.73207014396
20.915387036364404,5.13478672027685,10,6.910479384775653,83770.85848380407
19.433708264760963,2.2533455786179877,12,6.851506668031279,115601.5774779325
41.06009951345639,22.57758420421931,18,6.671591790606967,152670.88254586526
22.19570647503717,5.540853877442633,10,7.081196952312597,93151.17669061013
52.54794181984364,38.347705689634076,20,8.512997855680313,201142.81288817365
14.18070592116278,0.0,12,5.652151306540809,85694.25021859609
51.96456368290038,32.0155050735591,10,3.949444930967867,142357.12019032208
37.11017467202618,21.324336010600128,12,10.38001986720752,149613.9040203782
34.032868881296075,15.792106553388878,12,9.178843848980101,148460.2937742398
29.550809131910505,7.2054700398824325,16,4.792724257501204,122836.90267884804
38.991361143520706,22.68620449782155,12,7.271264017551907,134978.81457724728
34.62365297575152,15.552996603843674,16,9.02140432917222,148032.0486240646
46.03301882016521,27.85195225555689,18,8.498087889052078,176963.7715559883
36.142276486620396,18.806237147758424,16,7.924026619858569,153582.53378114628
36.50301761461878,18.88401697417691,20,6.659546216816512,171892.6002022732
31.36387787786144,14.78278151213952,10,10.454607850123915,153241.7364249247
34.43054376278933,15.55957102164964,18,7.44171774491892,177316.40462955175
38.07801768892059,21.104229285272755,18,5.970081481358619,133365.12668579683
17.898316073433744,0.0,20,8.742151457691191,124467.80005693967
21.51814577894287,4.995766740717876,16,7.19211728390284,142092.21171169978
42.43264094022715,25.663375908253258,10,7.699595454507245,131817.72591127438
36.708654381279416,16.837776977190224,16,7.406298403182415,166619.6966119996
33.16016663647321,17.33213086882327,12,7.99355114753382,142105.53020674808
35.184339330653934,16.11241244042584,16,5.043087493201586,137281.59007708507
38.47581705361671,22.091932650179,18,4.097787225659983,135874.82156746322
29.602403196906387,12.336977823709068,10,9.868265446467168,129503.650679711
27.216952745976872,12.893320099567116,16,7.499169123578339,158756.249414125
36.958452550976816,18.51152058623311,10,8.541694554817157,139254.68259413974
25.21627222384968,6.517638631613283,10,3.4804815596447476,85992.69477934825
39.082527557144715,21.04368834536925,12,9.133366217429005,157811.39974167588
17.974163957621595,0.0,12,5.957028709288465,93862.96754341575
45.29155637325644,28.89144017714054,18,5.3875636663819115,172172.21018425506
39.72597482413043,18.493353607257255,20,6.873253664736027,152855.56221659543
37.56029734313876,17.45293250484605,10,5.04403957891495,119354.53641818579
44.82690983945514,24.691303996296753,20,6.996536603548786,167954.52835593023
51.65474444462576,35.555359628572916,18,6.727323305971027,170707.66938005417
45.1437006501813,30.56492739534515,10,9.120791810467765,171553.39171550598
16.591257686683548,0.0,10,10.02668900427894,97795.71660583914
22.204230332642986,3.8665868862629647,20,9.963031585683167,145900.92239990077
28.751814223043212,10.891918549269574,16,2.4709700412077673,121399.3697628571
35.26091050210834,19.58466710732472,12,5.129666340313429,115839.53135081229
40.17659020469123,20.321883936310083,16,2.4502264723552756,136941.74120389257
27.742561868465344,10.219299833934915,20,4.612915451129938,130505.0423538329
36.86766764477078,20.818062904335644,12,5.700963578192337,126475.70969036233
27.446170676466775,10.448359016346465,16,7.821123230453887,158231.56707382307
28.884821970080516,11.263985203278002,12,5.960133531014919,118323.07510408225
20.933389031517777,4.935481216652059,10,6.015859858102709,94269.33282805025
25.767667538890958,2.3612029528924836,16,7.3635293663995265,111737.92351411858
21.483153943836662,4.838904582898477,12,3.581380709584378,102396.33739808582
25.241267470226674,5.933116103971827,12,5.322813694072273,98359.7384136709
45.536417966078396,23.875152172365482,12,5.992886748365255,151279.9190719675
25.50601111168057,8.528416310730533,16,6.595196022737312,128008.01442391603
61.32382064837391,46.071137738699825,18,7.15390798045109,223073.6960239936
39.93317900880889,21.658281979553507,16,10.001299579466084,160897.66738160857
36.84836123694874,20.754110331354617,20,8.816672322162189,166560.94988256015
26.416422198187867,11.640978714165158,16,5.461379951016131,125778.80404311029
42.003098794089915,26.63292770125801,12,6.477341881097065,149671.89983275358
29.243621737622263,14.523550796365049,10,6.3411217258157535,117207.13993483875
36.220098146453616,19.7043531285974,16,5.971694966958513,173581.58514625253
60.60084538268795,42.75171266049114,16,7.545031651641819,221861.05362271046
34.0394010027535,12.835469378959164,12,3.2804408940581835,111063.69397641967
46.49273326285676,28.00060828659686,10,8.761428776012968,163978.08119376312
27.968235748741126,8.281742558108743,10,10.387101581430711,126134.67122257524
34.65011509503038,20.992000530026008,20,6.460318918656366,153787.34031815254
52.7080063563551,34.356234731490424,16,6.421271149764342,176998.10280625007
28.730329422122324,10.976739035691295,10,7.3140884944173425,126235.09805808983
53.12448557996929,36.227456332050224,10,9.03877195392042,190705.04004938263
42.07751935455475,24.16472424729966,18,6.351412566365515,174043.59553165396
29.375332241057322,14.765434321918828,18,8.867890332203473,142772.57737331293
41.32407739055521,22.078778667086308,10,7.976989344906485,141150.2272771679
44.7255444962673,27.114759406741783,20,11.723222888009381,188156.95760487055
41.21809962217196,21.733158450775868,10,6.342675969675408,146868.13232395597
19.297752801095434,0.0,12,3.0479991045583326,77116.15157478834
27.728628241751316,8.505090059940745,16,4.134121758628972,115209.68775671603
32.52481364448495,14.450740050388127,20,7.023856474800314,158821.26515482782
34.25566570899954,15.397061259965017,12,9.055764188041504,169734.34265825653
41.206720975506784,21.821879015759073,20,5.694981719158553,164801.41602520618
36.777010009332535,15.964375081988868,12,6.53813510024934,128236.71528716192
21.64655641289899,3.480345267641599,16,8.369685474663152,114398.69669656256
38.801978510059634,17.79253776199763,16,5.069534798243085,153519.14400024174
41.10585745283823,24.625969380217434,18,5.777461201610365,160322.88012551592
40.5979044793104,22.762783985179407,12,4.6645466247794785,151419.72574353323
45.807807255546216,24.892704256616355,18,9.356456185765124,191623.82057154557
43.33922154548904,24.72080339138931,12,10.083345623592734,161228.77387465758
39.59180079228437,20.0874879811032,18,3.8411700210138795,129458.06425871677
34.29834288541353,16.936691906251895,16,6.715629002023554,148177.21999465764
18.390390664840087,3.071291556886376,20,9.81451795012989,139066.13757670618
39.296182191325855,17.545837252034367,18,7.797390367244476,158472.08476485417
37.076876871631114,19.30692902992595,12,6.021521534001811,145211.9617984043
37.715788371953735,19.395522780820453,12,3.9076757607782024,107793.60320928358
22.232514241796906,5.575194394697838,16,9.305889103645729,138325.97274830646
24.189434595917376,6.615827852392755,12,7.7210304298889945,125432.76976308785
45.53152853332904,26.0275898698514,10,4.054027224516489,140406.42147984586
34.60444846143345,15.966340590100213,20,9.379782107749982,155196.1700070761
41.81500697372624,22.222955260119264,18,3.7991928764842604,151635.23960039945
35.28318376130461,19.43519803850181,20,6.559027691665177,173700.90035439644
35.297561394957455,17.34018469230134,16,6.470770593255741,148466.56033488215
44.382838059759976,30.185219431265992,18,10.236762657695671,194397.31008992495
29.839552717826262,11.71823109019702,18,6.477907616239695,151222.12966732695
35.96120776940983,16.544394235588907,10,6.47071462739855,118499.17350378227
30.377247112949576,9.349818327723922,16,4.2738433102046125,102770.5241244382
30.655037725676845,9.048758373164954,12,5.719204641882788,110687.56180643453
31.908278765313607,10.740006879302628,10,5.365409078238715,113657.51106683882
37.22133771633713,19.7555910183601,10,5.469555267990614,137248.3259910376
30.212513783365225,13.229963829825092,20,7.012569049783746,156827.79865024824
47.55756125573521,26.395179851670942,20,2.131647228314815,161806.80653216454
26.053926977804963,9.844003605957194,20,3.9795395091662047,140038.819058785
33.13128355838641,14.165161455019529,10,6.777962252785691,118826.36411098641
30.60268941725825,12.89627544122935,12,7.242509366207863,126525.70469442212
49.46977884353733,34.69422010004818,18,6.533134402712209,198925.79014515615
36.965547765115744,20.759226396846806,20,6.918411020430078,154008.9376535371
45.31844539468635,26.781384098874685,12,6.181766772689497,154762.93067641978
20.14439626963028,0.36201181879970634,16,6.9629907935406745,106371.88931613258
37.67050265869259,15.366871856033981,20,7.868284440524432,171077.7819469998
43.89630795623437,24.458001317749527,18,7.854267457375322,172007.98511662427
35.82283989275424,17.40057941509885,16,5.622083177083009,140987.51406939398
45.654803750653514,25.680444696351145,16,8.8301894791659,190800.63566249865
29.827115498996278,11.56460156481167,18,7.314217389006639,132939.86228017008
49.0934744018558,31.24717816777334,20,9.464427912679538,201974.6906311304
57.9889812361925,39.53926927257634,10,9.865744862534164,186606.0015468453
31.37161439560341,12.07160923395649,18,4.114546557253508,134040.06441461085
30.54497478599228,12.882284129925736,18,5.281944922262582,155467.60073805385
49.53384477117701,32.41772607031583,18,8.6270960799411,185918.51744108534
50.795721457307124,30.61492330242143,16,3.670215159742105,145606.94528001294
29.771399728467316,14.593264487959855,12,9.840353925386747,136295.02434603337
30.798131829041427,12.600955564472903,10,6.312235610374675,114434.90835860999
32.18215391139493,14.219853157284623,20,8.150066070218037,159832.3450026927
21.55549488965723,4.971923736170344,20,6.767218674278447,134925.22880159874
25.813480535158018,8.279912797685022,12,4.215220944432626,121662.5398292875
24.95859233247932,8.86486560030581,18,9.111089204263951,163533.5676684798
27.322024348958713,9.896272679362362,10,12.50144606107466,155329.2405547676
34.65315112613219,15.428276376851311,20,5.969983447288616,175850.85635631913
37.342147325365204,20.065154375777407,20,6.355282898309515,170147.7078097287
50.50500492814077,30.21755251349945,18,1.7018009134658811,164027.6604294547
25.01645959261209,7.233579004165136,12,9.703005806912241,137029.89226182914
44.843223984765835,26.776764003476913,10,8.823530645684006,164080.23437331175
32.86011155774491,14.443877843199829,12,3.5332322758901715,116497.88230767893
34.50536290347567,16.24828788059781,12,2.8702290759062272,108879.15069157355
41.74819492166604,19.984496830670764,10,3.1015374336694697,103008.89835131021
23.772779784377015,4.675329968895092,10,8.290338250745636,109495.81150189723
38.82409746184051,21.00978726412274,20,8.489982839228164,180127.22572110695
36.66452208213056,18.984234866125362,20,5.153332111262424,154457.74929830275
39.92451264008149,19.869162358229573,10,7.998520062765596,129077.56808909457
37.89168643907818,22.42310212080758,16,7.317754241982305,157776.14495169293
59.55300139910894,39.82065170267994,20,6.265460586291563,198788.57825098632
28.62260015748684,12.561514558540313,16,8.9403936533706,147201.45096424583
29.690030449981823,12.544419173725192,10,4.5901287975439224,112948.63582443658
28.768594735752355,9.47614011606475,20,9.29507842718779,162490.25273717148
29.445228808397452,14.995850593616476,12,5.542956891971294,118705.97113734389
28.626128726934823,8.238855063421862,10,10.56307336393409,139104.2888266393
46.89016531107552,30.728473658295524,18,4.989387953037067,181720.26827845952
49.20504247989855,33.20620711598451,16,6.296855842799746,179099.71277645323
29.29253706250524,9.951296644351949,10,7.1171742750847065,122135.96738365809
26.676444268957713,11.46137486908637,10,7.104637095644966,128288.24964101706
39.71415556386404,21.214062534666134,20,7.981657001236191,161359.9635797185
29.477769557190285,12.05515681575,20,4.428635163506645,146800.8027988512
41.32931817755511,23.84996185509755,20,6.92537518350673,164426.1909017492
37.029230208513,18.760612725571903,18,7.2762634128054415,150975.52614888723
19.84255885002768,3.464175396347243,20,5.944523551943746,128613.86023056084
50.47505201330061,34.062029454405035,10,7.808117234918836,145724.24382665756
52.95877673095522,31.46171278447886,20,4.307260173024439,176215.92951633752
28.872113095156138,13.480793580912444,12,6.347092221898633,134514.8577408761
31.12298440064016,9.798000424568812,20,5.493631751192668,120604.92114064078
37.85865390724905,21.923746315932362,18,6.353138140901962,170503.27658183908
38.34456789987025,22.597978173525416,12,9.894070919842406,153678.4347609883
41.5854427267283,21.403509866297906,10,9.932911452314801,154540.19479909784
55.102045387663495,36.28041681175433,10,9.54083292116244,174729.25315926623
33.2305277250595,13.01911838808763,16,6.075485439838297,140144.8488166572
27.017027554615463,8.587185494037993,12,8.815236553600414,137500.0293177157
21.20680771985473,2.5907391514832474,16,7.224724253851608,125775.20321604951
27.69069960058081,11.25002066511949,12,7.091179407006017,123916.12687033205
34.66873027126203,19.289347763501244,12,6.8452773047616615,134046.52868487654
52.94557863517788,37.73694625675779,18,10.516835714758251,211365.0507935957
29.823887009638284,10.69955095648168,16,9.731677211112927,154617.20261812443
37.237879516388986,18.81943576889993,18,8.489792836894194,170990.499714
34.83577103927248,13.46889465483058,12,6.659398068978747,131743.04547631613
46.88393273448084,27.27219260148846,10,7.079121516509124,137114.2173699521
60.26932425873622,44.19902752493113,12,8.061133209075468,194473.49651088548
29.691312270796793,14.922477917893257,18,5.956782176291956,137294.57707527478
30.10560557481778,9.636907831057936,16,8.876631431929008,148306.2630208192
45.44160877069072,26.256680252384932,16,5.157509777114187,148651.19185655483
41.81891489626312,23.766103382345264,18,7.783687375994811,174971.18122550682
53.46707325736034,36.02739557499955,16,2.4205689004147404,159335.75804392752
40.839281853259635,21.220074813416343,20,5.89876294679574,143143.002528154
31.407079092129404,14.255201181057583,10,11.155354265838888,153596.76655018955
40.90654830692309,21.95886961278126,10,9.072382988783822,149026.78195084204
46.087035805829075,28.058131264072518,10,10.070936899869048,179230.7199851472
43.204821811973645,26.297390307981043,16,5.665384665291236,142268.6131556419
40.07274031107298,22.085584850694854,16,7.2075456736008725,155293.6849602191
45.666746895891535,26.793975114838396,12,9.563984506188609,165243.8285510212
46.692955904456724,28.47373629660506,12,8.266189869410754,166980.484852647
48.82158991037527,30.644863991964602,10,8.017131754716639,148123.51371594242
41.48709887589643,22.747076816132175,20,10.261163940660126,192240.35190330277
33.328819196831454,14.81122707149725,12,4.919090068772144,139334.52854966556
36.46713686433323,21.664431205342662,12,6.631523921108994,147231.8554808856
47.06508966508357,30.186928560966045,16,3.4918288746612913,156761.72551347365
26.83064329012764,8.239682654069318,20,4.809787896128798,116753.73071852888
38.686733088729014,22.080641897750485,10,9.148370784357942,142160.67658172044
31.066611876726395,12.398972897214374,12,5.165301467615754,116066.00412427979
35.28744822934817,19.633697504521454,20,8.471048508250195,166324.87284186558
47.78451862607299,30.523803010469177,20,10.31697008393616,212895.02070332898
36.910990680199035,18.696386392190576,10,6.644123650016123,135950.42304414813
35.46436548156149,18.359799333182043,20,8.039726879599625,193842.01894083194
21.401438590200808,0.2596862860638094,20,8.48662425908584,123143.90950331389
42.46253566027221,22.2090007224526,20,4.557009873866869,157534.1969281569
41.45484181141075,21.06699179861264,12,5.767095309397906,123134.53641887188
56.6325472330546,38.91843342258201,10,4.992677576656396,140575.84698254277
31.922217650469992,17.387247649440177,20,5.9265537798339425,161634.4739925816
37.19150327663939,23.654103569024652,20,8.432221396162198,184435.46794853386
37.49383683710755,20.769939039989065,12,5.809606538115417,128042.00642409733
50.77453279763475,33.776221747523664,10,6.929693546136366,163131.2074216634
34.047044676130476,12.444929207824998,16,4.915076766137529,121172.5662570822
37.790215257703395,18.70486765823535,12,9.452844329067403,145731.882413375
41.078965097165394,21.503397593348915,10,5.909780019553326,129352.84915680172
36.86609123156358,17.62439603506135,20,10.04596110381991,166512.94581517947
30.535663854494718,12.199376217325138,10,7.12185818769872,112841.54427494432
36.94089992898308,17.996718773588825,10,4.186000844073842,110039.08732810433
45.73631749859772,23.777717877846147,10,6.657946506908751,145073.95675776934
24.7348470058894,8.230667518124466,16,4.874446345067671,91091.36500173913
36.32969674146876,16.184210689989147,10,8.178698754756306,130985.62253891179
27.998791850608267,10.477285578830566,16,6.477274435346267,120464.12456901574
46.950466289248425,33.09863162874837,20,7.326420510054708,182313.8389455175
19.768130952162252,0.0,16,6.261293779906874,104049.93515869713
29.410781527284115,6.350206481791456,20,5.88931539227335,132003.59282521807
38.772118750645205,20.200110306884984,20,5.052755980768746,153519.88190054675
50.65524029234341,34.85715956234055,16,8.672445873643058,180435.94339491436
34.34249738927012,20.25919229771131,12,6.653693796400605,147003.8187618814
29.448004733068018,8.988905544163185,18,6.370618212603232,124804.86228273764
53.8115706944059,36.804969140878946,10,6.60357220311568,159280.73673807507
20.51986099583756,1.5892400822774546,18,5.642276413028451,118234.78008864232
13.011940433799182,0.0,10,6.377297146447949,95090.17137516716
39.40014450053332,26.688831194567392,10,7.411259629386976,144316.9639247399
29.979457756473888,8.973517099683582,20,4.93172600188647,103244.04390780795
24.78767182869287,7.295151151682015,10,5.2212960138415845,91841.87350669349
42.08356447299353,25.018950816524395,10,9.756568187245348,160439.6244316781
37.43800713771199,21.609579787590686,16,6.274486934400888,159477.6747840861
29.359213692632714,11.555179999574506,18,5.89687838215198,135801.78533462447
22.196956013291057,4.813057092299262,16,4.312256788881449,104397.53765824961
43.724573282801444,24.94127614795786,10,8.70135527494848,176321.43872765134
41.50201177958661,24.040265662076823,20,4.888148372978313,158796.4119739917
34.00824136220617,15.32185681121135,16,6.969414678077084,149613.11388071917
53.466369960476655,36.709513740188754,16,3.583629861366819,155986.65583294266
24.299152336738473,5.559931664651205,12,8.636345600728234,109399.9128408539
19.74474829075261,2.4989490785569837,10,9.35371248723716,118239.71670792201
28.080919301187556,10.0223936738176,20,7.969040690956031,160335.60356026905
34.54413983644502,18.796240337989357,16,3.9310397371894066,131350.5104599917
37.43339449322692,19.33060704604995,16,8.67752428781846,141562.478614887
32.5876394214367,11.041574485022934,20,5.345302000719295,137134.0855796301
38.520553965142966,23.04439696657095,10,4.658056242556775,131273.1341537214
22.48460575809556,2.673141156370324,12,6.2330779084846935,103499.85224445236
49.437646040732595,30.130113363434955,16,6.193264653307021,163592.65334379495
34.178488216074314,14.987165627987329,12,5.989902697639421,124395.00355156237
46.172958315881274,30.921834502222907,18,9.547348495809388,186082.6430406517
38.42725346377704,16.15590503581965,10,11.023651992885252,136311.68779869695
39.567532191537836,27.843029258857825,18,4.261726925301071,168551.37835068905
40.69767280232204,24.80978642045414,18,5.622335211350819,162709.2320316895
39.47708560017315,21.923563428431468,18,7.285496672089914,162767.77463108924
41.42722759867544,23.317439597442863,10,6.222567018125545,132676.23685779184
48.29152530132431,30.862633451039628,10,7.7987974985570325,158917.51882951363
36.9652116970147,20.00745655377338,20,8.83197071189159,175777.93095487467
42.09003757588512,25.380468747785233,12,8.498731884540081,176541.41267641392
34.102643057127736,17.213851989134632,12,8.219467135699665,148070.40815503904
49.40117215449473,31.58033351700523,20,10.318191041839446,198088.53102371685
28.2360769794073,9.841400138792649,20,3.822105434167781,122235.69002136729
53.00940432910816,34.70685776180113,18,9.96021758390923,195097.99243990245
34.59842049355657,16.208603932851204,20,6.174016731820513,151282.08621227523
20.69224897881952,4.95978917255365,16,8.570250441351254,122646.31604945472
36.28104414910789,19.468157593669616,12,4.940667543441113,134387.89035444104
28.18948342525119,4.308706155922629,20,5.183007216213444,98097.28583493196
43.406435489887244,26.718237042946765,16,8.324234582964054,178409.33009346123
28.473760206976092,10.863232596413642,16,3.1425399545003088,118192.93984338312
30.538165667852205,12.50074815496041,16,8.978884156576624,160523.34192428034
16.104592690544692,0.0,16,9.519927004683176,134367.5305689554
30.476936807509233,14.72516224748126,18,7.35556970765792,143391.1951807116
10.761206733710434,0.0,16,7.2835220711571145,122060.59116517066
19.16097176514277,0.0,18,5.332727710183096,108982.96377877248
42.604146561442974,25.418251135692046,18,8.348898804807337,157237.9287209781
42.85800158650832,22.91468811742575,16,7.695330492814852,163894.3480962147
39.254575617849646,18.495339288271786,12,5.156989207952354,122533.0904105984
25.33023856870787,6.07680411952794,16,6.217040099823616,121241.02390214395
34.5228864385802,18.24767338334572,16,6.681329150608393,164416.49082248585
34.963974609094315,18.87022469984649,16,6.2143956069616255,149060.29646182267
23.416353108074574,6.4425239482691605,12,4.27417717330005,90082.5852511386
50.0339830176715,33.4841745913675,10,8.39804061716779,178602.702324736
43.77362290575671,26.805979479986625,10,6.512979088196211,149802.28010231868
32.79035826170336,13.507395071257456,18,7.030729551786619,134816.81961112894
35.26885838994531,18.132703479293188,18,5.843466825205146,133420.36340986556
37.08382807947552,20.684647129930887,12,7.95054294794398,137348.63340739446
14.582651315757094,0.0,20,7.397392368762807,135349.97985053126
32.52822617479403,16.906052917743313,10,9.425568778260837,137923.92839036035
28.180157520022014,11.596765214424142,18,7.961197425877969,147810.94274779223
24.983799901050844,7.68669631613401,10,6.594631196325778,94961.25190613522
32.18899707114045,16.329297547773304,12,5.520566364994879,134893.61671069526
52.976865268495224,34.92382274999711,12,8.73190536783329,159355.3356955833
41.4084286126701,21.644679310214663,20,6.434847802427084,158909.8224718879
29.28821010217203,10.962076174284503,20,6.6565648668075585,149391.61527374474
40.72582781356159,21.236022523948687,12,6.65605678741465,130526.01453457717
